{
  "rounds": [
    0,
    1,
    2,
    3,
    4,
    5,
    6,
    7,
    8,
    9,
    10,
    11,
    12,
    13,
    14,
    15,
    16,
    17,
    18,
    19,
    20
  ],
  "train_loss": [
    2.2023718791537816,
    0.7876309672838816,
    0.5783157801435869,
    0.46125107219461103,
    0.3972769541187026,
    0.35466084775149004,
    0.3200263388240819,
    0.29446561001846777,
    0.2727598727358347,
    0.2525925164427015,
    0.2421328686469792,
    0.22482909687055902,
    0.21167325685024574,
    0.20520394105529424,
    0.1964874076312034,
    0.18556486789127558,
    0.1803412242620553,
    0.17265496762354968,
    0.16731759724574863,
    0.16296562713229468,
    0.15698701319786093
  ],
  "train_accuracy": [
    7.77158774373259,
    73.09602649006622,
    80.56358060358238,
    84.34152629005733,
    86.44717543001912,
    88.0444686430508,
    89.16174052180097,
    90.0901151162274,
    90.80403573492156,
    91.48017689675096,
    91.93186363838393,
    92.44577536779413,
    92.94190852926796,
    93.195808702609,
    93.56693630828036,
    93.7452775678919,
    94.02140095115338,
    94.26974532201432,
    94.45364238410596,
    94.57864793990844,
    94.80143561936086
  ],
  "test_loss": [
    2.2023718791537816,
    0.0,
    0.0,
    0.0,
    0.0,
    1.067849786149131,
    0.0,
    0.0,
    0.0,
    0.0,
    0.9878307283586926,
    0.0,
    0.0,
    0.0,
    0.0,
    0.9984546815355618,
    0.0,
    0.0,
    0.0,
    0.0,
    0.9374381220340728
  ],
  "test_accuracy": [
    7.77158774373259,
    0.0,
    0.0,
    0.0,
    0.0,
    76.29526462395543,
    0.0,
    0.0,
    0.0,
    0.0,
    79.74930362116991,
    0.0,
    0.0,
    0.0,
    0.0,
    82.84122562674095,
    0.0,
    0.0,
    0.0,
    0.0,
    83.21727019498607
  ],
  "timestamps": [
    12.311509847640991,
    95.58313989639282,
    193.8471212387085,
    297.78990650177,
    392.68217372894287,
    494.493999004364,
    584.6917562484741,
    674.8057084083557,
    765.5517356395721,
    849.1041111946106,
    951.6377725601196,
    1130.9765956401825,
    1240.9288713932037,
    1316.1646065711975,
    1398.8078858852386,
    1506.3100798130035,
    1619.0033147335052,
    1741.7296116352081,
    1853.7650558948517,
    1977.2824110984802,
    2110.896551847458
  ]
}