{
  "rounds": [
    0,
    1,
    2,
    3,
    4,
    5,
    6,
    7,
    8,
    9,
    10,
    11,
    12,
    13,
    14,
    15,
    16,
    17,
    18,
    19,
    20
  ],
  "train_loss": [
    2.1887632433573403,
    0.8153976025899504,
    0.5884659865687839,
    0.4748895736608734,
    0.40926388312308226,
    0.35214281014131377,
    0.3260080478956611,
    0.2986757482487419,
    0.2813456440066385,
    0.26207772752160113,
    0.24870965902048542,
    0.23751618601602842,
    0.2260901167936611,
    0.21581608712459555,
    0.2104306956217547,
    0.19779953515279342,
    0.19197844368278127,
    0.18779220582693995,
    0.1797982658301662,
    0.17508955115147987,
    0.16778455163054495
  ],
  "train_accuracy": [
    13.050139275766016,
    70.85870483132584,
    79.0674029956887,
    83.24703320147562,
    85.54713542824126,
    87.55222454331303,
    88.4528201253389,
    89.4856438063914,
    90.13345037557225,
    90.76847859904885,
    91.22183208142584,
    91.68018578603494,
    92.04575758922618,
    92.41132939241744,
    92.64745099782212,
    93.09802657895906,
    93.34081514733988,
    93.47193208587048,
    93.76750077781234,
    93.99028845726477,
    94.20474243299702
  ],
  "test_loss": [
    2.1887632433573403,
    0.0,
    0.0,
    0.0,
    0.0,
    0.7160347265667385,
    0.0,
    0.0,
    0.0,
    0.0,
    0.8260450855228636,
    0.0,
    0.0,
    0.0,
    0.0,
    0.8846910921070311,
    0.0,
    0.0,
    0.0,
    0.0,
    0.8190296525094244
  ],
  "test_accuracy": [
    13.050139275766016,
    0.0,
    0.0,
    0.0,
    0.0,
    79.48467966573816,
    0.0,
    0.0,
    0.0,
    0.0,
    78.008356545961,
    0.0,
    0.0,
    0.0,
    0.0,
    79.23398328690807,
    0.0,
    0.0,
    0.0,
    0.0,
    83.09192200557104
  ],
  "timestamps": [
    18.74537968635559,
    114.65987920761108,
    222.2199478149414,
    338.38931250572205,
    443.89463114738464,
    738.920848608017,
    928.4718961715698,
    1008.7035398483276,
    1086.2022700309753,
    1163.2321593761444,
    1249.3114035129547,
    1352.1684477329254,
    1438.279597043991,
    1560.0512020587921,
    1844.8736455440521,
    2151.9871695041656,
    2404.4842541217804,
    2504.923901319504,
    2607.9399030208588,
    2711.18954539299,
    2817.3366465568542
  ]
}